<metadata xml:lang="en"><Esri><CreaDate>20231102</CreaDate><CreaTime>15412500</CreaTime><ArcGISFormat>1.0</ArcGISFormat><SyncOnce>FALSE</SyncOnce><DataProperties><itemProps><itemName Sync="TRUE">Use_Buffer_ExportFeatures</itemName><imsContentType Sync="TRUE">002</imsContentType><itemLocation><linkage Sync="TRUE">file://\\6M71NS3\C$\Users\nanzawi\Desktop\Use_Buffer_ExportFeatures.shp</linkage><protocol Sync="TRUE">Local Area Network</protocol></itemLocation><itemSize Sync="TRUE">0.000</itemSize></itemProps><coordRef><type Sync="TRUE">Projected</type><geogcsn Sync="TRUE">GCS_North_American_1983</geogcsn><csUnits Sync="TRUE">Linear Unit: Foot_US (0.304801)</csUnits><projcsn Sync="TRUE">NAD_1983_StatePlane_Missouri_Central_FIPS_2402_Feet</projcsn><peXml Sync="TRUE">&lt;ProjectedCoordinateSystem xsi:type='typens:ProjectedCoordinateSystem' xmlns:xsi='http://www.w3.org/2001/XMLSchema-instance' xmlns:xs='http://www.w3.org/2001/XMLSchema' xmlns:typens='http://www.esri.com/schemas/ArcGIS/3.1.0'&gt;&lt;WKT&gt;PROJCS[&amp;quot;NAD_1983_StatePlane_Missouri_Central_FIPS_2402_Feet&amp;quot;,GEOGCS[&amp;quot;GCS_North_American_1983&amp;quot;,DATUM[&amp;quot;D_North_American_1983&amp;quot;,SPHEROID[&amp;quot;GRS_1980&amp;quot;,6378137.0,298.257222101]],PRIMEM[&amp;quot;Greenwich&amp;quot;,0.0],UNIT[&amp;quot;Degree&amp;quot;,0.0174532925199433]],PROJECTION[&amp;quot;Transverse_Mercator&amp;quot;],PARAMETER[&amp;quot;False_Easting&amp;quot;,1640416.666666667],PARAMETER[&amp;quot;False_Northing&amp;quot;,0.0],PARAMETER[&amp;quot;Central_Meridian&amp;quot;,-92.5],PARAMETER[&amp;quot;Scale_Factor&amp;quot;,0.9999333333333333],PARAMETER[&amp;quot;Latitude_Of_Origin&amp;quot;,35.83333333333334],UNIT[&amp;quot;Foot_US&amp;quot;,0.3048006096012192],AUTHORITY[&amp;quot;Esri&amp;quot;,102697]]&lt;/WKT&gt;&lt;XOrigin&gt;-16806900&lt;/XOrigin&gt;&lt;YOrigin&gt;-45827300&lt;/YOrigin&gt;&lt;XYScale&gt;137250677.77723414&lt;/XYScale&gt;&lt;ZOrigin&gt;-100000&lt;/ZOrigin&gt;&lt;ZScale&gt;10000&lt;/ZScale&gt;&lt;MOrigin&gt;-100000&lt;/MOrigin&gt;&lt;MScale&gt;10000&lt;/MScale&gt;&lt;XYTolerance&gt;0.0032808333333333331&lt;/XYTolerance&gt;&lt;ZTolerance&gt;0.001&lt;/ZTolerance&gt;&lt;MTolerance&gt;0.001&lt;/MTolerance&gt;&lt;HighPrecision&gt;true&lt;/HighPrecision&gt;&lt;WKID&gt;102697&lt;/WKID&gt;&lt;LatestWKID&gt;102697&lt;/LatestWKID&gt;&lt;/ProjectedCoordinateSystem&gt;</peXml></coordRef><lineage><Process ToolSource="c:\program files\arcgis\pro\Resources\ArcToolbox\toolboxes\Conversion Tools.tbx\ExportFeatures" Date="20231102" Time="154126">ExportFeatures "Crossings_NonAmtrak selection" C:\Users\nanzawi\AppData\Local\Temp\ArcGISProTemp31592\Untitled\Default.gdb\Crossings_NonA_ExportFeature # NOT_USE_ALIAS "CrossingID "CrossingID" true true false 254 Text 0 0,First,#,Crossings_NonAmtrak selection,CrossingID,0,254;Submission "Submission" true true false 254 Text 0 0,First,#,Crossings_NonAmtrak selection,Submission,0,254;ReportBase "ReportBase" true true false 10 Long 0 10,First,#,Crossings_NonAmtrak selection,ReportBase,-1,-1;ParentRepo "ParentRepo" true true false 10 Long 0 10,First,#,Crossings_NonAmtrak selection,ParentRepo,-1,-1;CrossingCl "CrossingCl" true true false 254 Text 0 0,First,#,Crossings_NonAmtrak selection,CrossingCl,0,254;ReportingA "ReportingA" true true false 10 Long 0 10,First,#,Crossings_NonAmtrak selection,ReportingA,-1,-1;Reportin_1 "Reportin_1" true true false 10 Long 0 10,First,#,Crossings_NonAmtrak selection,Reportin_1,-1,-1;RevisionDa "RevisionDa" true true false 8 Date 0 0,First,#,Crossings_NonAmtrak selection,RevisionDa,-1,-1;ReasonID "ReasonID" true true false 10 Long 0 10,First,#,Crossings_NonAmtrak selection,ReasonID,-1,-1;Crossing_1 "Crossing_1" true true false 254 Text 0 0,First,#,Crossings_NonAmtrak selection,Crossing_1,0,254;ReportStat "ReportStat" true true false 254 Text 0 0,First,#,Crossings_NonAmtrak selection,ReportStat,0,254;LastUpdate "LastUpdate" true true false 8 Date 0 0,First,#,Crossings_NonAmtrak selection,LastUpdate,-1,-1;Railroad "Railroad" true true false 254 Text 0 0,First,#,Crossings_NonAmtrak selection,Railroad,0,254;StateCD "StateCD" true true false 10 Long 0 10,First,#,Crossings_NonAmtrak selection,StateCD,-1,-1;StateName "StateName" true true false 254 Text 0 0,First,#,Crossings_NonAmtrak selection,StateName,0,254;CntyCD "CntyCD" true true false 10 Long 0 10,First,#,Crossings_NonAmtrak selection,CntyCD,-1,-1;CountyName "CountyName" true true false 254 Text 0 0,First,#,Crossings_NonAmtrak selection,CountyName,0,254;Nearest "Nearest" true true false 10 Long 0 10,First,#,Crossings_NonAmtrak selection,Nearest,-1,-1;CityCD "CityCD" true true false 10 Long 0 10,First,#,Crossings_NonAmtrak selection,CityCD,-1,-1;CityName "CityName" true true false 254 Text 0 0,First,#,Crossings_NonAmtrak selection,CityName,0,254;Street "Street" true true false 254 Text 0 0,First,#,Crossings_NonAmtrak selection,Street,0,254;BlockNumb "BlockNumb" true true false 254 Text 0 0,First,#,Crossings_NonAmtrak selection,BlockNumb,0,254;Highway "Highway" true true false 254 Text 0 0,First,#,Crossings_NonAmtrak selection,Highway,0,254;SepInd "SepInd" true true false 10 Long 0 10,First,#,Crossings_NonAmtrak selection,SepInd,-1,-1;SepRr1 "SepRr1" true true false 254 Text 0 0,First,#,Crossings_NonAmtrak selection,SepRr1,0,254;SepRr2 "SepRr2" true true false 254 Text 0 0,First,#,Crossings_NonAmtrak selection,SepRr2,0,254;SepRr3 "SepRr3" true true false 254 Text 0 0,First,#,Crossings_NonAmtrak selection,SepRr3,0,254;SepRr4 "SepRr4" true true false 254 Text 0 0,First,#,Crossings_NonAmtrak selection,SepRr4,0,254;MultFrmsFi "MultFrmsFi" true true false 10 Long 0 10,First,#,Crossings_NonAmtrak selection,MultFrmsFi,-1,-1;SameInd "SameInd" true true false 10 Long 0 10,First,#,Crossings_NonAmtrak selection,SameInd,-1,-1;SameRr1 "SameRr1" true true false 254 Text 0 0,First,#,Crossings_NonAmtrak selection,SameRr1,0,254;SameRr2 "SameRr2" true true false 254 Text 0 0,First,#,Crossings_NonAmtrak selection,SameRr2,0,254;SameRr3 "SameRr3" true true false 254 Text 0 0,First,#,Crossings_NonAmtrak selection,SameRr3,0,254;SameRr4 "SameRr4" true true false 254 Text 0 0,First,#,Crossings_NonAmtrak selection,SameRr4,0,254;RrID "RrID" true true false 254 Text 0 0,First,#,Crossings_NonAmtrak selection,RrID,0,254;Ttstn "Ttstn" true true false 10 Long 0 10,First,#,Crossings_NonAmtrak selection,Ttstn,-1,-1;TtstnNam "TtstnNam" true true false 254 Text 0 0,First,#,Crossings_NonAmtrak selection,TtstnNam,0,254;RrMain "RrMain" true true false 10 Long 0 10,First,#,Crossings_NonAmtrak selection,RrMain,-1,-1;XingOwnr "XingOwnr" true true false 254 Text 0 0,First,#,Crossings_NonAmtrak selection,XingOwnr,0,254;TypeXing "TypeXing" true true false 10 Long 0 10,First,#,Crossings_NonAmtrak selection,TypeXing,-1,-1;XPurpose "XPurpose" true true false 10 Long 0 10,First,#,Crossings_NonAmtrak selection,XPurpose,-1,-1;PosXing "PosXing" true true false 10 Long 0 10,First,#,Crossings_NonAmtrak selection,PosXing,-1,-1;OpenPub "OpenPub" true true false 254 Text 0 0,First,#,Crossings_NonAmtrak selection,OpenPub,0,254;TypeTrnSrv "TypeTrnSrv" true true false 10 Long 0 10,First,#,Crossings_NonAmtrak selection,TypeTrnSrv,-1,-1;DevelTypID "DevelTypID" true true false 10 Long 0 10,First,#,Crossings_NonAmtrak selection,DevelTypID,-1,-1;XingAdj "XingAdj" true true false 10 Long 0 10,First,#,Crossings_NonAmtrak selection,XingAdj,-1,-1;XngAdjNo "XngAdjNo" true true false 254 Text 0 0,First,#,Crossings_NonAmtrak selection,XngAdjNo,0,254;Whistban "Whistban" true true false 10 Long 0 10,First,#,Crossings_NonAmtrak selection,Whistban,-1,-1;WhistDate "WhistDate" true true false 8 Date 0 0,First,#,Crossings_NonAmtrak selection,WhistDate,-1,-1;HscoRrid "HscoRrid" true true false 10 Long 0 10,First,#,Crossings_NonAmtrak selection,HscoRrid,-1,-1;SfxHscoRri "SfxHscoRri" true true false 254 Text 0 0,First,#,Crossings_NonAmtrak selection,SfxHscoRri,0,254;Latitude "Latitude" true true false 19 Double 0 0,First,#,Crossings_NonAmtrak selection,Latitude,-1,-1;Longitude "Longitude" true true false 19 Double 0 0,First,#,Crossings_NonAmtrak selection,Longitude,-1,-1;LLsource "LLsource" true true false 10 Long 0 10,First,#,Crossings_NonAmtrak selection,LLsource,-1,-1;RrNarr1 "RrNarr1" true true false 254 Text 0 0,First,#,Crossings_NonAmtrak selection,RrNarr1,0,254;RrNarr2 "RrNarr2" true true false 254 Text 0 0,First,#,Crossings_NonAmtrak selection,RrNarr2,0,254;RrNarr3 "RrNarr3" true true false 254 Text 0 0,First,#,Crossings_NonAmtrak selection,RrNarr3,0,254;RrNarr4 "RrNarr4" true true false 254 Text 0 0,First,#,Crossings_NonAmtrak selection,RrNarr4,0,254;StNarr1 "StNarr1" true true false 254 Text 0 0,First,#,Crossings_NonAmtrak selection,StNarr1,0,254;StNarr2 "StNarr2" true true false 254 Text 0 0,First,#,Crossings_NonAmtrak selection,StNarr2,0,254;StNarr3 "StNarr3" true true false 254 Text 0 0,First,#,Crossings_NonAmtrak selection,StNarr3,0,254;StNarr4 "StNarr4" true true false 254 Text 0 0,First,#,Crossings_NonAmtrak selection,StNarr4,0,254;RrNarr "RrNarr" true true false 254 Text 0 0,First,#,Crossings_NonAmtrak selection,RrNarr,0,254;StNarr "StNarr" true true false 254 Text 0 0,First,#,Crossings_NonAmtrak selection,StNarr,0,254;PolCont "PolCont" true true false 19 Double 0 0,First,#,Crossings_NonAmtrak selection,PolCont,-1,-1;RrCont "RrCont" true true false 19 Double 0 0,First,#,Crossings_NonAmtrak selection,RrCont,-1,-1;HwyCont "HwyCont" true true false 19 Double 0 0,First,#,Crossings_NonAmtrak selection,HwyCont,-1,-1;THRRequest "THRRequest" true true false 254 Text 0 0,First,#,Crossings_NonAmtrak selection,THRRequest,0,254;CCMQzid "CCMQzid" true true false 254 Text 0 0,First,#,Crossings_NonAmtrak selection,CCMQzid,0,254;OperatingR "OperatingR" true true false 254 Text 0 0,First,#,Crossings_NonAmtrak selection,OperatingR,0,254;Operatin_1 "Operatin_1" true true false 254 Text 0 0,First,#,Crossings_NonAmtrak selection,Operatin_1,0,254;RrDiv "RrDiv" true true false 254 Text 0 0,First,#,Crossings_NonAmtrak selection,RrDiv,0,254;RrSubDiv "RrSubDiv" true true false 254 Text 0 0,First,#,Crossings_NonAmtrak selection,RrSubDiv,0,254;Branch "Branch" true true false 254 Text 0 0,First,#,Crossings_NonAmtrak selection,Branch,0,254;PrfxMilePo "PrfxMilePo" true true false 254 Text 0 0,First,#,Crossings_NonAmtrak selection,PrfxMilePo,0,254;MilePost "MilePost" true true false 19 Double 0 0,First,#,Crossings_NonAmtrak selection,MilePost,-1,-1;SfxMilePos "SfxMilePos" true true false 254 Text 0 0,First,#,Crossings_NonAmtrak selection,SfxMilePos,0,254;Lt1PassMov "Lt1PassMov" true true false 10 Long 0 10,First,#,Crossings_NonAmtrak selection,Lt1PassMov,-1,-1;PassCnt "PassCnt" true true false 10 Long 0 10,First,#,Crossings_NonAmtrak selection,PassCnt,-1,-1;DayThru "DayThru" true true false 10 Long 0 10,First,#,Crossings_NonAmtrak selection,DayThru,-1,-1;NghtThru "NghtThru" true true false 10 Long 0 10,First,#,Crossings_NonAmtrak selection,NghtThru,-1,-1;TotalSwt "TotalSwt" true true false 10 Long 0 10,First,#,Crossings_NonAmtrak selection,TotalSwt,-1,-1;TotalLtr "TotalLtr" true true false 10 Long 0 10,First,#,Crossings_NonAmtrak selection,TotalLtr,-1,-1;Lt1Mov "Lt1Mov" true true false 10 Long 0 10,First,#,Crossings_NonAmtrak selection,Lt1Mov,-1,-1;WeekTrnMov "WeekTrnMov" true true false 10 Long 0 10,First,#,Crossings_NonAmtrak selection,WeekTrnMov,-1,-1;YearTrnMov "YearTrnMov" true true false 10 Long 0 10,First,#,Crossings_NonAmtrak selection,YearTrnMov,-1,-1;MaxTtSpd "MaxTtSpd" true true false 10 Long 0 10,First,#,Crossings_NonAmtrak selection,MaxTtSpd,-1,-1;MinSpd "MinSpd" true true false 10 Long 0 10,First,#,Crossings_NonAmtrak selection,MinSpd,-1,-1;MaxSpd "MaxSpd" true true false 10 Long 0 10,First,#,Crossings_NonAmtrak selection,MaxSpd,-1,-1;MainTrk "MainTrk" true true false 10 Long 0 10,First,#,Crossings_NonAmtrak selection,MainTrk,-1,-1;SidingTrk "SidingTrk" true true false 10 Long 0 10,First,#,Crossings_NonAmtrak selection,SidingTrk,-1,-1;YardTrk "YardTrk" true true false 10 Long 0 10,First,#,Crossings_NonAmtrak selection,YardTrk,-1,-1;TransitTrk "TransitTrk" true true false 10 Long 0 10,First,#,Crossings_NonAmtrak selection,TransitTrk,-1,-1;IndustryTr "IndustryTr" true true false 10 Long 0 10,First,#,Crossings_NonAmtrak selection,IndustryTr,-1,-1;OthrTrk "OthrTrk" true true false 10 Long 0 10,First,#,Crossings_NonAmtrak selection,OthrTrk,-1,-1;OthrTrkDes "OthrTrkDes" true true false 254 Text 0 0,First,#,Crossings_NonAmtrak selection,OthrTrkDes,0,254;SpselIDs "SpselIDs" true true false 10 Long 0 10,First,#,Crossings_NonAmtrak selection,SpselIDs,-1,-1;Sgnleqp "Sgnleqp" true true false 10 Long 0 10,First,#,Crossings_NonAmtrak selection,Sgnleqp,-1,-1;EMonitorDv "EMonitorDv" true true false 10 Long 0 10,First,#,Crossings_NonAmtrak selection,EMonitorDv,-1,-1;HealthMoni "HealthMoni" true true false 10 Long 0 10,First,#,Crossings_NonAmtrak selection,HealthMoni,-1,-1;NoSigns "NoSigns" true true false 10 Long 0 10,First,#,Crossings_NonAmtrak selection,NoSigns,-1,-1;XBuck "XBuck" true true false 10 Long 0 10,First,#,Crossings_NonAmtrak selection,XBuck,-1,-1;StopStd "StopStd" true true false 10 Long 0 10,First,#,Crossings_NonAmtrak selection,StopStd,-1,-1;YieldStd "YieldStd" true true false 10 Long 0 10,First,#,Crossings_NonAmtrak selection,YieldStd,-1,-1;AdvWarn "AdvWarn" true true false 10 Long 0 10,First,#,Crossings_NonAmtrak selection,AdvWarn,-1,-1;AdvW10_1 "AdvW10_1" true true false 10 Long 0 10,First,#,Crossings_NonAmtrak selection,AdvW10_1,-1,-1;AdvW10_2 "AdvW10_2" true true false 254 Text 0 0,First,#,Crossings_NonAmtrak selection,AdvW10_2,0,254;AdvW10_3 "AdvW10_3" true true false 254 Text 0 0,First,#,Crossings_NonAmtrak selection,AdvW10_3,0,254;AdvW10_4 "AdvW10_4" true true false 254 Text 0 0,First,#,Crossings_NonAmtrak selection,AdvW10_4,0,254;AdvW10_11 "AdvW10_11" true true false 254 Text 0 0,First,#,Crossings_NonAmtrak selection,AdvW10_11,0,254;AdvW10_12 "AdvW10_12" true true false 254 Text 0 0,First,#,Crossings_NonAmtrak selection,AdvW10_12,0,254;Low_Grnd "Low_Grnd" true true false 10 Long 0 10,First,#,Crossings_NonAmtrak selection,Low_Grnd,-1,-1;Low_GrndSi "Low_GrndSi" true true false 254 Text 0 0,First,#,Crossings_NonAmtrak selection,Low_GrndSi,0,254;PaveMrkIDs "PaveMrkIDs" true true false 254 Text 0 0,First,#,Crossings_NonAmtrak selection,PaveMrkIDs,0,254;PaveMrkI_1 "PaveMrkI_1" true true false 19 Double 0 0,First,#,Crossings_NonAmtrak selection,PaveMrkI_1,-1,-1;PaveMrkI_2 "PaveMrkI_2" true true false 19 Double 0 0,First,#,Crossings_NonAmtrak selection,PaveMrkI_2,-1,-1;Channel "Channel" true true false 254 Text 0 0,First,#,Crossings_NonAmtrak selection,Channel,0,254;Exempt "Exempt" true true false 254 Text 0 0,First,#,Crossings_NonAmtrak selection,Exempt,0,254;EnsSign "EnsSign" true true false 10 Long 0 10,First,#,Crossings_NonAmtrak selection,EnsSign,-1,-1;OthSgn "OthSgn" true true false 10 Long 0 10,First,#,Crossings_NonAmtrak selection,OthSgn,-1,-1;OthSgn1 "OthSgn1" true true false 10 Long 0 10,First,#,Crossings_NonAmtrak selection,OthSgn1,-1,-1;OthDes1 "OthDes1" true true false 254 Text 0 0,First,#,Crossings_NonAmtrak selection,OthDes1,0,254;OthSgn2 "OthSgn2" true true false 10 Long 0 10,First,#,Crossings_NonAmtrak selection,OthSgn2,-1,-1;OthDes2 "OthDes2" true true false 254 Text 0 0,First,#,Crossings_NonAmtrak selection,OthDes2,0,254;OthSgn3 "OthSgn3" true true false 254 Text 0 0,First,#,Crossings_NonAmtrak selection,OthSgn3,0,254;OthDes3 "OthDes3" true true false 254 Text 0 0,First,#,Crossings_NonAmtrak selection,OthDes3,0,254;PrvxSign "PrvxSign" true true false 254 Text 0 0,First,#,Crossings_NonAmtrak selection,PrvxSign,0,254;Led "Led" true true false 254 Text 0 0,First,#,Crossings_NonAmtrak selection,Led,0,254;Gates "Gates" true true false 10 Long 0 10,First,#,Crossings_NonAmtrak selection,Gates,-1,-1;GatePed "GatePed" true true false 10 Long 0 10,First,#,Crossings_NonAmtrak selection,GatePed,-1,-1;GateConf "GateConf" true true false 10 Long 0 10,First,#,Crossings_NonAmtrak selection,GateConf,-1,-1;GateConfTy "GateConfTy" true true false 10 Long 0 10,First,#,Crossings_NonAmtrak selection,GateConfTy,-1,-1;FlashOv "FlashOv" true true false 10 Long 0 10,First,#,Crossings_NonAmtrak selection,FlashOv,-1,-1;FlashNov "FlashNov" true true false 10 Long 0 10,First,#,Crossings_NonAmtrak selection,FlashNov,-1,-1;CFlashType "CFlashType" true true false 10 Long 0 10,First,#,Crossings_NonAmtrak selection,CFlashType,-1,-1;FlashPost "FlashPost" true true false 10 Long 0 10,First,#,Crossings_NonAmtrak selection,FlashPost,-1,-1;FlashPostT "FlashPostT" true true false 10 Long 0 10,First,#,Crossings_NonAmtrak selection,FlashPostT,-1,-1;Bkl_FlashP "Bkl_FlashP" true true false 10 Long 0 10,First,#,Crossings_NonAmtrak selection,Bkl_FlashP,-1,-1;Sdl_FlashP "Sdl_FlashP" true true false 10 Long 0 10,First,#,Crossings_NonAmtrak selection,Sdl_FlashP,-1,-1;FlashPai "FlashPai" true true false 10 Long 0 10,First,#,Crossings_NonAmtrak selection,FlashPai,-1,-1;AwdIDate "AwdIDate" true true false 10 Long 0 10,First,#,Crossings_NonAmtrak selection,AwdIDate,-1,-1;AwhornChk "AwhornChk" true true false 10 Long 0 10,First,#,Crossings_NonAmtrak selection,AwhornChk,-1,-1;AwhornlDat "AwhornlDat" true true false 254 Text 0 0,First,#,Crossings_NonAmtrak selection,AwhornlDat,0,254;HwyTrafSig "HwyTrafSig" true true false 10 Long 0 10,First,#,Crossings_NonAmtrak selection,HwyTrafSig,-1,-1;Wigwags "Wigwags" true true false 10 Long 0 10,First,#,Crossings_NonAmtrak selection,Wigwags,-1,-1;Bells "Bells" true true false 10 Long 0 10,First,#,Crossings_NonAmtrak selection,Bells,-1,-1;SpecPro "SpecPro" true true false 10 Long 0 10,First,#,Crossings_NonAmtrak selection,SpecPro,-1,-1;FlashOth "FlashOth" true true false 10 Long 0 10,First,#,Crossings_NonAmtrak selection,FlashOth,-1,-1;FlashOthDe "FlashOthDe" true true false 254 Text 0 0,First,#,Crossings_NonAmtrak selection,FlashOthDe,0,254;HwynrSig "HwynrSig" true true false 10 Long 0 10,First,#,Crossings_NonAmtrak selection,HwynrSig,-1,-1;Intrprmp "Intrprmp" true true false 10 Long 0 10,First,#,Crossings_NonAmtrak selection,Intrprmp,-1,-1;PrempType "PrempType" true true false 254 Text 0 0,First,#,Crossings_NonAmtrak selection,PrempType,0,254;HwtrfPsig "HwtrfPsig" true true false 10 Long 0 10,First,#,Crossings_NonAmtrak selection,HwtrfPsig,-1,-1;HwtrfPsigs "HwtrfPsigs" true true false 10 Long 0 10,First,#,Crossings_NonAmtrak selection,HwtrfPsigs,-1,-1;HwtrfPsigl "HwtrfPsigl" true true false 10 Long 0 10,First,#,Crossings_NonAmtrak selection,HwtrfPsigl,-1,-1;MonitorDev "MonitorDev" true true false 10 Long 0 10,First,#,Crossings_NonAmtrak selection,MonitorDev,-1,-1;WdCode "WdCode" true true false 10 Long 0 10,First,#,Crossings_NonAmtrak selection,WdCode,-1,-1;TraficLn "TraficLn" true true false 10 Long 0 10,First,#,Crossings_NonAmtrak selection,TraficLn,-1,-1;TraflnType "TraflnType" true true false 10 Long 0 10,First,#,Crossings_NonAmtrak selection,TraflnType,-1,-1;HwyPved "HwyPved" true true false 10 Long 0 10,First,#,Crossings_NonAmtrak selection,HwyPved,-1,-1;Downst "Downst" true true false 10 Long 0 10,First,#,Crossings_NonAmtrak selection,Downst,-1,-1;Illumina "Illumina" true true false 10 Long 0 10,First,#,Crossings_NonAmtrak selection,Illumina,-1,-1;XSurfDate "XSurfDate" true true false 254 Text 0 0,First,#,Crossings_NonAmtrak selection,XSurfDate,0,254;XSurfWidth "XSurfWidth" true true false 254 Text 0 0,First,#,Crossings_NonAmtrak selection,XSurfWidth,0,254;XSurfLengt "XSurfLengt" true true false 254 Text 0 0,First,#,Crossings_NonAmtrak selection,XSurfLengt,0,254;XSurfaceID "XSurfaceID" true true false 10 Long 0 10,First,#,Crossings_NonAmtrak selection,XSurfaceID,-1,-1;XSurOthr "XSurOthr" true true false 254 Text 0 0,First,#,Crossings_NonAmtrak selection,XSurOthr,0,254;HwyNear "HwyNear" true true false 254 Text 0 0,First,#,Crossings_NonAmtrak selection,HwyNear,0,254;HwynDist "HwynDist" true true false 10 Long 0 10,First,#,Crossings_NonAmtrak selection,HwynDist,-1,-1;XAngle "XAngle" true true false 10 Long 0 10,First,#,Crossings_NonAmtrak selection,XAngle,-1,-1;ComPower "ComPower" true true false 10 Long 0 10,First,#,Crossings_NonAmtrak selection,ComPower,-1,-1;HwySys "HwySys" true true false 10 Long 0 10,First,#,Crossings_NonAmtrak selection,HwySys,-1,-1;HwyClassCD "HwyClassCD" true true false 10 Long 0 10,First,#,Crossings_NonAmtrak selection,HwyClassCD,-1,-1;HwyClassrd "HwyClassrd" true true false 10 Long 0 10,First,#,Crossings_NonAmtrak selection,HwyClassrd,-1,-1;StHwy1 "StHwy1" true true false 10 Long 0 10,First,#,Crossings_NonAmtrak selection,StHwy1,-1,-1;HwySpeed "HwySpeed" true true false 10 Long 0 10,First,#,Crossings_NonAmtrak selection,HwySpeed,-1,-1;HwySpeedps "HwySpeedps" true true false 254 Text 0 0,First,#,Crossings_NonAmtrak selection,HwySpeedps,0,254;LrsRouteid "LrsRouteid" true true false 254 Text 0 0,First,#,Crossings_NonAmtrak selection,LrsRouteid,0,254;LrsMilePos "LrsMilePos" true true false 254 Text 0 0,First,#,Crossings_NonAmtrak selection,LrsMilePos,0,254;Aadt "Aadt" true true false 10 Long 0 10,First,#,Crossings_NonAmtrak selection,Aadt,-1,-1;AadtYear "AadtYear" true true false 10 Long 0 10,First,#,Crossings_NonAmtrak selection,AadtYear,-1,-1;PctTruk "PctTruk" true true false 10 Long 0 10,First,#,Crossings_NonAmtrak selection,PctTruk,-1,-1;SchlBusChk "SchlBusChk" true true false 10 Long 0 10,First,#,Crossings_NonAmtrak selection,SchlBusChk,-1,-1;SchlBsCnt "SchlBsCnt" true true false 10 Long 0 10,First,#,Crossings_NonAmtrak selection,SchlBsCnt,-1,-1;HazmtVeh "HazmtVeh" true true false 254 Text 0 0,First,#,Crossings_NonAmtrak selection,HazmtVeh,0,254;EmrgncySrv "EmrgncySrv" true true false 10 Long 0 10,First,#,Crossings_NonAmtrak selection,EmrgncySrv,-1,-1;ReportYear "ReportYear" true true false 10 Long 0 10,First,#,Crossings_NonAmtrak selection,ReportYear,-1,-1;ReportType "ReportType" true true false 254 Text 0 0,First,#,Crossings_NonAmtrak selection,ReportType,0,254" #</Process><Process ToolSource="c:\program files\arcgis\pro\Resources\ArcToolbox\toolboxes\Data Management Tools.tbx\DeleteField" Date="20231102" Time="154313">DeleteField Crossings_NonA_ExportFeature Submission;ReportBase;ParentRepo;CrossingCl;ReportingA;Reportin_1;RevisionDa;ReasonID;Crossing_1;ReportStat;LastUpdate;Railroad;StateCD;StateName;CntyCD;CountyName;Nearest;CityCD;CityName;Street;BlockNumb;Highway;SepInd;SepRr1;SepRr2;SepRr3;SepRr4;MultFrmsFi;SameInd;SameRr1;SameRr2;SameRr3;SameRr4;RrID;Ttstn;TtstnNam;RrMain;XingOwnr;TypeXing;XPurpose;PosXing;OpenPub;TypeTrnSrv;DevelTypID;XingAdj;XngAdjNo;Whistban;WhistDate;HscoRrid;SfxHscoRri "Delete Fields"</Process><Process ToolSource="c:\program files\arcgis\pro\Resources\ArcToolbox\toolboxes\Data Management Tools.tbx\DeleteField" Date="20231102" Time="154419">DeleteField Crossings_NonA_ExportFeature LLsource;RrNarr1;RrNarr2;RrNarr3;RrNarr4;StNarr1;StNarr2;StNarr3;StNarr4;RrNarr;StNarr;PolCont;RrCont;HwyCont;THRRequest;CCMQzid;OperatingR;Operatin_1;RrDiv;RrSubDiv;Branch;PrfxMilePo;MilePost;SfxMilePos;Lt1PassMov;PassCnt;DayThru;NghtThru;TotalSwt;TotalLtr;Lt1Mov;WeekTrnMov;YearTrnMov;MaxTtSpd;MinSpd;MaxSpd;MainTrk;SidingTrk;YardTrk;TransitTrk;IndustryTr;OthrTrk;OthrTrkDes;SpselIDs;Sgnleqp;EMonitorDv;HealthMoni;NoSigns;XBuck;StopStd;YieldStd;AdvWarn;AdvW10_1;AdvW10_2;AdvW10_3;AdvW10_4;AdvW10_11;AdvW10_12;Low_Grnd;Low_GrndSi;PaveMrkIDs;PaveMrkI_1;PaveMrkI_2;Channel;Exempt;EnsSign;OthSgn;OthSgn1;OthDes1;OthSgn2;OthDes2;OthSgn3;OthDes3;PrvxSign;Led;Gates;GatePed;GateConf;GateConfTy;FlashOv;FlashNov;CFlashType;FlashPost;FlashPostT;Bkl_FlashP;Sdl_FlashP;FlashPai;AwdIDate;AwhornChk;AwhornlDat;HwyTrafSig;Wigwags;Bells;SpecPro;FlashOth;FlashOthDe;HwynrSig;Intrprmp;PrempType;HwtrfPsig;HwtrfPsigs;HwtrfPsigl;MonitorDev;WdCode;TraficLn;TraflnType;HwyPved;Downst;Illumina;XSurfDate;XSurfWidth;XSurfLengt;XSurfaceID;XSurOthr;HwyNear;HwynDist;XAngle;ComPower;HwySys;HwyClassCD;HwyClassrd;StHwy1;HwySpeed;HwySpeedps;LrsRouteid;LrsMilePos;Aadt;AadtYear;PctTruk;SchlBusChk;SchlBsCnt;HazmtVeh;EmrgncySrv;ReportYear;ReportType "Delete Fields"</Process><Process ToolSource="c:\program files\arcgis\pro\Resources\ArcToolbox\toolboxes\Data Management Tools.tbx\CopyFeatures" Date="20231102" Time="154711">CopyFeatures Crossings_NonA_ExportFeature C:\Users\nanzawi\Documents\Crossings_NonA_ExportFeature.shp # # # #</Process><Process ToolSource="c:\program files\arcgis\pro\Resources\ArcToolbox\toolboxes\Analysis Tools.tbx\Buffer" Date="20231103" Time="094940">Buffer Use C:\Users\nanzawi\Documents\ArcGIS\Projects\MyProject2\MyProject2.gdb\Use_Buffer "0.5 Meters" Full Round "No Dissolve" # Planar</Process><Process ToolSource="c:\program files\arcgis\pro\Resources\ArcToolbox\toolboxes\Conversion Tools.tbx\ExportFeatures" Date="20231103" Time="095146">ExportFeatures Use_Buffer C:\Users\nanzawi\Documents\ArcGIS\Projects\MyProject2\MyProject2.gdb\Use_Buffer_ExportFeatures # NOT_USE_ALIAS "CrossingID "name" true true false 254 Text 0 0,First,#,Use_Buffer,CrossingID,0,254;Latitude "Latitude" true true false 8 Double 0 0,First,#,Use_Buffer,Latitude,-1,-1;Longitude "Longitude" true true false 8 Double 0 0,First,#,Use_Buffer,Longitude,-1,-1;BUFF_DIST "BUFF_DIST" true true false 8 Double 0 0,First,#,Use_Buffer,BUFF_DIST,-1,-1;ORIG_FID "ORIG_FID" true true false 4 Long 0 0,First,#,Use_Buffer,ORIG_FID,-1,-1;Shape_Length "Shape_Length" false true true 8 Double 0 0,First,#,Use_Buffer,Shape_Length,-1,-1;Shape_Area "Shape_Area" false true true 8 Double 0 0,First,#,Use_Buffer,Shape_Area,-1,-1" #</Process><Process ToolSource="c:\program files\arcgis\pro\Resources\ArcToolbox\toolboxes\Data Management Tools.tbx\CopyFeatures" Date="20231103" Time="095725">CopyFeatures Use_Buffer_ExportFeatures C:\Users\nanzawi\Desktop\Use_Buffer_ExportFeatures.shp # # # #</Process></lineage><LayerFile>{"type":"CIMLayerDocument","version":"3.1.0","build":41833,"layers":["CIMPATH=map/use_buffer.json"],"layerDefinitions":[{"type":"CIMFeatureLayer","name":"Use_Buffer","uRI":"CIMPATH=map/use_buffer.json","sourceModifiedTime":{"type":"TimeInstant"},"useSourceMetadata":true,"description":"Use_Buffer","layerElevation":{"type":"CIMLayerElevationSurface","elevationSurfaceLayerURI":"CIMPATH=a16626af72da41c6809fd6e852d7965d.json"},"expanded":true,"layerType":"Operational","showLegends":true,"visibility":true,"displayCacheType":"Permanent","maxDisplayCacheAge":5,"showPopups":true,"serviceLayerID":-1,"refreshRate":-1,"refreshRateUnit":"esriTimeUnitsSeconds","blendingMode":"Alpha","allowDrapingOnIntegratedMesh":true,"autoGenerateFeatureTemplates":true,"featureElevationExpression":"0","featureTable":{"type":"CIMFeatureTable","displayField":"CrossingID","editable":true,"dataConnection":{"type":"CIMStandardDataConnection"},"studyAreaSpatialRel":"esriSpatialRelUndefined","searchOrder":"esriSearchOrderSpatial"},"htmlPopupEnabled":true,"selectable":true,"featureCacheType":"Session","displayFiltersType":"ByScale","featureBlendingMode":"Alpha","labelClasses":[{"type":"CIMLabelClass","expression":"$feature.OBJECTID","expressionEngine":"Arcade","featuresToLabel":"AllVisibleFeatures","maplexLabelPlacementProperties":{"type":"CIMMaplexLabelPlacementProperties","featureType":"Polygon","avoidPolygonHoles":true,"canOverrunFeature":true,"canPlaceLabelOutsidePolygon":true,"canRemoveOverlappingLabel":true,"canStackLabel":true,"centerLabelAnchorType":"Symbol","connectionType":"Unambiguous","constrainOffset":"NoConstraint","contourAlignmentType":"Page","contourLadderType":"Straight","contourMaximumAngle":90,"enableConnection":true,"featureWeight":0,"fontHeightReductionLimit":4,"fontHeightReductionStep":0.5,"fontWidthReductionLimit":90,"fontWidthReductionStep":5,"graticuleAlignmentType":"Straight","keyNumberGroupName":"Default","labelBuffer":15,"labelLargestPolygon":false,"labelPriority":-1,"labelStackingProperties":{"type":"CIMMaplexLabelStackingProperties","stackAlignment":"ChooseBest","maximumNumberOfLines":3,"minimumNumberOfCharsPerLine":3,"maximumNumberOfCharsPerLine":24,"separators":[{"type":"CIMMaplexStackingSeparator","separator":" ","splitAfter":true},{"type":"CIMMaplexStackingSeparator","separator":",","visible":true,"splitAfter":true}],"trimStackingSeparators":true},"lineFeatureType":"General","linePlacementMethod":"OffsetCurvedFromLine","maximumLabelOverrun":80,"maximumLabelOverrunUnit":"Point","minimumFeatureSizeUnit":"Map","multiPartOption":"OneLabelPerPart","offsetAlongLineProperties":{"type":"CIMMaplexOffsetAlongLineProperties","placementMethod":"BestPositionAlongLine","labelAnchorPoint":"CenterOfLabel","distanceUnit":"Percentage","useLineDirection":true},"pointExternalZonePriorities":{"type":"CIMMaplexExternalZonePriorities","aboveLeft":4,"aboveCenter":2,"aboveRight":1,"centerRight":3,"belowRight":5,"belowCenter":7,"belowLeft":8,"centerLeft":6},"pointPlacementMethod":"AroundPoint","polygonAnchorPointType":"GeometricCenter","polygonBoundaryWeight":0,"polygonExternalZones":{"type":"CIMMaplexExternalZonePriorities","aboveLeft":4,"aboveCenter":2,"aboveRight":1,"centerRight":3,"belowRight":5,"belowCenter":7,"belowLeft":8,"centerLeft":6},"polygonFeatureType":"General","polygonInternalZones":{"type":"CIMMaplexInternalZonePriorities","center":1},"polygonPlacementMethod":"HorizontalInPolygon","primaryOffset":1,"primaryOffsetUnit":"Point","removeAmbiguousLabels":"All","removeExtraWhiteSpace":true,"repetitionIntervalUnit":"Map","rotationProperties":{"type":"CIMMaplexRotationProperties","rotationType":"Arithmetic","alignmentType":"Straight"},"secondaryOffset":100,"secondaryOffsetUnit":"Percentage","strategyPriorities":{"type":"CIMMaplexStrategyPriorities","stacking":1,"overrun":2,"fontCompression":3,"fontReduction":4,"abbreviation":5},"thinningDistanceUnit":"Point","truncationMarkerCharacter":".","truncationMinimumLength":1,"truncationPreferredCharacters":"aeiou","polygonAnchorPointPerimeterInsetUnit":"Point"},"name":"Class 1","priority":-1,"standardLabelPlacementProperties":{"type":"CIMStandardLabelPlacementProperties","featureType":"Line","featureWeight":"Low","labelWeight":"High","numLabelsOption":"OneLabelPerName","lineLabelPosition":{"type":"CIMStandardLineLabelPosition","above":true,"inLine":true,"parallel":true},"lineLabelPriorities":{"type":"CIMStandardLineLabelPriorities","aboveStart":3,"aboveAlong":3,"aboveEnd":3,"centerStart":3,"centerAlong":3,"centerEnd":3,"belowStart":3,"belowAlong":3,"belowEnd":3},"pointPlacementMethod":"AroundPoint","pointPlacementPriorities":{"type":"CIMStandardPointPlacementPriorities","aboveLeft":2,"aboveCenter":2,"aboveRight":1,"centerLeft":3,"centerRight":2,"belowLeft":3,"belowCenter":3,"belowRight":2},"rotationType":"Arithmetic","polygonPlacementMethod":"AlwaysHorizontal"},"textSymbol":{"type":"CIMSymbolReference","symbol":{"type":"CIMTextSymbol","blockProgression":"TTB","depth3D":1,"extrapolateBaselines":true,"fontEffects":"Normal","fontEncoding":"Unicode","fontFamilyName":"Tahoma","fontStyleName":"Regular","fontType":"Unspecified","haloSize":1,"height":10,"hinting":"Default","horizontalAlignment":"Left","kerning":true,"letterWidth":100,"ligatures":true,"lineGapType":"ExtraLeading","symbol":{"type":"CIMPolygonSymbol","symbolLayers":[{"type":"CIMSolidFill","enable":true,"color":{"type":"CIMRGBColor","values":[0,0,0,100]}}],"angleAlignment":"Map"},"textCase":"Normal","textDirection":"LTR","verticalAlignment":"Bottom","verticalGlyphOrientation":"Right","wordSpacing":100,"billboardMode3D":"FaceNearPlane"}},"useCodedValue":true,"visibility":true,"iD":-1}],"renderer":{"type":"CIMSimpleRenderer","sampleSize":10000,"patch":"Default","symbol":{"type":"CIMSymbolReference","symbol":{"type":"CIMPolygonSymbol","symbolLayers":[{"type":"CIMSolidStroke","enable":true,"colorLocked":true,"capStyle":"Butt","joinStyle":"Round","lineStyle3D":"Strip","miterLimit":10,"width":1,"color":{"type":"CIMRGBColor","values":[110,110,110,100]}},{"type":"CIMSolidFill","enable":true,"color":{"type":"CIMRGBColor","values":[0,100,255,36.862743377685547]}}],"angleAlignment":"Map"}}},"scaleSymbols":true,"snappable":true}]}</LayerFile></DataProperties><SyncDate>20231103</SyncDate><SyncTime>09572500</SyncTime><ModDate>20231103</ModDate><ModTime>09572500</ModTime></Esri><dataIdInfo><envirDesc Sync="TRUE">Microsoft Windows 10 Version 10.0 (Build 19045) ; Esri ArcGIS 13.1.2.41833</envirDesc><dataLang><languageCode value="eng" Sync="TRUE"></languageCode><countryCode value="USA" Sync="TRUE"></countryCode></dataLang><idCitation><resTitle Sync="TRUE">Use_Buffer_ExportFeatures</resTitle><presForm><PresFormCd value="005" Sync="TRUE"></PresFormCd></presForm></idCitation><spatRpType><SpatRepTypCd value="001" Sync="TRUE"></SpatRepTypCd></spatRpType></dataIdInfo><mdLang><languageCode value="eng" Sync="TRUE"></languageCode><countryCode value="USA" Sync="TRUE"></countryCode></mdLang><distInfo><distFormat><formatName Sync="TRUE">Shapefile</formatName></distFormat><distTranOps><transSize Sync="TRUE">0.000</transSize></distTranOps></distInfo><mdHrLv><ScopeCd value="005" Sync="TRUE"></ScopeCd></mdHrLv><mdHrLvName Sync="TRUE">dataset</mdHrLvName><refSysInfo><RefSystem><refSysID><identCode code="102697" Sync="TRUE"></identCode><idCodeSpace Sync="TRUE">Esri</idCodeSpace><idVersion Sync="TRUE">8.0.1</idVersion></refSysID></RefSystem></refSysInfo><spatRepInfo><VectSpatRep><geometObjs Name="Use_Buffer_ExportFeatures"><geoObjTyp><GeoObjTypCd value="002" Sync="TRUE"></GeoObjTypCd></geoObjTyp><geoObjCnt Sync="TRUE">0</geoObjCnt></geometObjs><topLvl><TopoLevCd value="001" Sync="TRUE"></TopoLevCd></topLvl></VectSpatRep></spatRepInfo><spdoinfo><ptvctinf><esriterm Name="Use_Buffer_ExportFeatures"><efeatyp Sync="TRUE">Simple</efeatyp><efeageom code="4" Sync="TRUE"></efeageom><esritopo Sync="TRUE">FALSE</esritopo><efeacnt Sync="TRUE">0</efeacnt><spindex Sync="TRUE">FALSE</spindex><linrefer Sync="TRUE">FALSE</linrefer></esriterm></ptvctinf></spdoinfo><eainfo><detailed Name="Use_Buffer_ExportFeatures"><enttyp><enttypl Sync="TRUE">Use_Buffer_ExportFeatures</enttypl><enttypt Sync="TRUE">Feature Class</enttypt><enttypc Sync="TRUE">0</enttypc></enttyp><attr><attrlabl Sync="TRUE">FID</attrlabl><attalias Sync="TRUE">FID</attalias><attrtype Sync="TRUE">OID</attrtype><attwidth Sync="TRUE">4</attwidth><atprecis Sync="TRUE">0</atprecis><attscale Sync="TRUE">0</attscale><attrdef Sync="TRUE">Internal feature number.</attrdef><attrdefs Sync="TRUE">Esri</attrdefs><attrdomv><udom Sync="TRUE">Sequential unique whole numbers that are automatically generated.</udom></attrdomv></attr><attr><attrlabl Sync="TRUE">Shape</attrlabl><attalias Sync="TRUE">Shape</attalias><attrtype Sync="TRUE">Geometry</attrtype><attwidth Sync="TRUE">0</attwidth><atprecis Sync="TRUE">0</atprecis><attscale Sync="TRUE">0</attscale><attrdef Sync="TRUE">Feature geometry.</attrdef><attrdefs Sync="TRUE">Esri</attrdefs><attrdomv><udom Sync="TRUE">Coordinates defining the features.</udom></attrdomv></attr><attr><attrlabl Sync="TRUE">CrossingID</attrlabl><attalias Sync="TRUE">CrossingID</attalias><attrtype Sync="TRUE">String</attrtype><attwidth Sync="TRUE">254</attwidth><atprecis Sync="TRUE">0</atprecis><attscale Sync="TRUE">0</attscale></attr><attr><attrlabl Sync="TRUE">Latitude</attrlabl><attalias Sync="TRUE">Latitude</attalias><attrtype Sync="TRUE">Double</attrtype><attwidth Sync="TRUE">19</attwidth><atprecis Sync="TRUE">0</atprecis><attscale Sync="TRUE">0</attscale></attr><attr><attrlabl Sync="TRUE">Longitude</attrlabl><attalias Sync="TRUE">Longitude</attalias><attrtype Sync="TRUE">Double</attrtype><attwidth Sync="TRUE">19</attwidth><atprecis Sync="TRUE">0</atprecis><attscale Sync="TRUE">0</attscale></attr><attr><attrlabl Sync="TRUE">BUFF_DIST</attrlabl><attalias Sync="TRUE">BUFF_DIST</attalias><attrtype Sync="TRUE">Double</attrtype><attwidth Sync="TRUE">19</attwidth><atprecis Sync="TRUE">0</atprecis><attscale Sync="TRUE">0</attscale></attr><attr><attrlabl Sync="TRUE">ORIG_FID</attrlabl><attalias Sync="TRUE">ORIG_FID</attalias><attrtype Sync="TRUE">Integer</attrtype><attwidth Sync="TRUE">10</attwidth><atprecis Sync="TRUE">10</atprecis><attscale Sync="TRUE">0</attscale></attr><attr><attrlabl Sync="TRUE">Shape_Leng</attrlabl><attalias Sync="TRUE">Shape_Leng</attalias><attrtype Sync="TRUE">Double</attrtype><attwidth Sync="TRUE">19</attwidth><atprecis Sync="TRUE">0</atprecis><attscale Sync="TRUE">0</attscale></attr><attr><attrlabl Sync="TRUE">Shape_Area</attrlabl><attalias Sync="TRUE">Shape_Area</attalias><attrtype Sync="TRUE">Double</attrtype><attwidth Sync="TRUE">19</attwidth><atprecis Sync="TRUE">0</atprecis><attscale Sync="TRUE">0</attscale><attrdef Sync="TRUE">Area of feature in internal units squared.</attrdef><attrdefs Sync="TRUE">Esri</attrdefs><attrdomv><udom Sync="TRUE">Positive real numbers that are automatically generated.</udom></attrdomv></attr></detailed></eainfo><mdDateSt Sync="TRUE">20231103</mdDateSt></metadata>
